#	type	rank	key	lemma	dFreq	pattern	pilot	spec	freq	ind	iFreq	tfIdf
1	T	1	n: aorte	aorte	72	N	aorte	3.34	646	0.47	302	8.97
2	T	2	n: vésicule	vésicule	79	N	vésicule	3.49	914	0.48	437	11.57
3	T	3	a: morbide	morbide	115	A	morbide	3.87	2191	0.29	634	19.05
4	T	4	n: périnée	périnée	62	N	périnée	3.21	473	0.82	386	7.63
5	T	5	na: réflexe rotulien	réflexe rotulien	58	N A	réflexes rotuliens	3.44	814	0.78	631	14.03
6	T	6	a: pupillaire	pupillaire	65	A	pupillaire	3.33	636	0.23	145	9.78
7	T	7	n: hypnotisme	hypnotisme	57	N	hypnotisme	3.28	8878	0.55	4903	155.75
8	T	8	a: crânien	crânien	95	A	crânienne	3.64	1278	0.15	197	13.45
9	T	9	a: auditif	auditif	92	A	auditif	3.26	1072	0.27	294	11.65
10	T	10	na: partie supérieur	partie supérieur	112	N A	partie supérieure	3.18	1784	0.72	1280	15.93
11	T	11	a: cutané	cutané	109	A	cutanée	3.98	2823	0.24	666	25.90
12	T	12	a: sensitif	sensitif	91	A	sensitifs	3.88	2232	0.29	653	24.53
13	T	13	n: pie-mère	pie-mère	70	N	pie-mère	3.28	1117	0.74	829	15.96
14	T	14	na: centre nerveux	centre nerveux	101	N A	CENTRES NERVEUX	3.23	1493	0.37	547	14.78
15	T	15	n: contracture	contracture	107	N	contracture	3.70	4440	0.56	2474	41.50
16	T	16	n: bromure	bromure	85	N	bromure	3.49	917	0.18	167	10.79
17	T	17	n: hernie	hernie	84	N	hernie	3.35	1331	0.47	623	15.85
18	T	18	n: engourdissement	engourdissement	89	N	engourdissement	3.22	487	0.74	358	5.47
19	T	19	n: broca	broca	63	N	Broca	3.34	648	0.67	433	10.29
20	T	20	a: occipital	occipital	100	A	occipital	4.13	3981	0.22	890	39.81
21	T	21	n: ligament	ligament	66	N	ligament	3.56	1062	0.30	320	16.09
22	T	22	n: hospice	hospice	110	N	hospice	3.57	1103	0.45	498	10.03
23	T	23	na: pied gauche	pied gauche	83	N A	pied gauche	3.20	462	0.83	385	5.57
24	T	24	a: paternel	paternel	96	A	paternel	3.40	1491	0.10	156	15.53
25	T	25	n: extenseur	extenseur	54	N	extenseurs	3.26	1071	0.66	708	19.83
26	T	26	n: râle	râle	74	N	râles	3.19	455	0.44	199	6.15
27	T	27	n: humérus	humérus	53	N	humérus	3.36	682	0.71	483	12.87
28	T	28	n: saignée	saignée	58	N	saignée	3.32	610	0.73	446	10.52
29	T	29	n: tubercule	tubercule	95	N	tubercule	3.74	3265	0.11	369	34.37
30	T	30	na: suggestion hypnotique	suggestion hypnotique	30	N A	suggestion hypnotique	3.68	1414	0.94	1334	47.13
31	T	31	n: névrite	névrite	51	N	névrite	3.66	1353	0.41	555	26.53
32	T	32	n: cachexie	cachexie	64	N	cachexie	3.25	523	0.40	209	8.17
33	T	33	na: coupe horizontal	coupe horizontal	30	N A	coupes horizontales	3.19	452	0.74	333	15.07
34	T	34	a: olfactif	olfactif	89	A	olfactif	3.43	1596	0.17	273	17.93
35	T	35	n: ciseau	ciseau	68	N	ciseaux	3.30	584	0.61	358	8.59
36	T	36	a: bilatéral	bilatéral	68	A	bilatérale	3.17	872	0.60	522	12.82
37	T	37	a: strié	strié	67	A	strié	3.28	1119	0.37	409	16.70
38	T	38	n: radius	radius	46	N	radius	3.37	695	0.57	398	15.11
39	T	39	n: méningite	méningite	83	N	méningite	3.73	1580	0.44	697	19.04
40	T	40	n: exagération	exagération	111	N	exagération	3.64	1285	0.53	682	11.58
41	T	41	a: intestinal	intestinal	98	A	intestinale	3.43	789	0.32	250	8.05
42	T	42	a: granuleux	granuleux	64	A	granuleux	3.33	624	0.36	223	9.75
43	T	43	n: bulbe	bulbe	95	N	bulbe	3.88	2245	0.51	1135	23.63
44	T	44	n: tégument	tégument	83	N	téguments	3.31	605	0.62	375	7.29
45	T	45	na: noyau caudé	noyau caudé	28	N A	noyau caudé	3.34	1299	0.48	620	46.39
46	T	46	n: pitre	pitre	65	N	Pitres	3.25	519	0.87	449	7.98
47	T	47	a: tuberculeux	tuberculeux	86	A	tuberculeuse	3.35	1327	0.44	589	15.43
48	T	48	a: cubital	cubital	57	A	cubital	3.25	1036	0.50	518	18.18
49	T	49	na: œil gauche	œil gauche	93	N A	oeil gauche	3.29	569	1.00	569	6.12
50	T	50	a: purulent	purulent	84	A	purulente	3.32	618	0.31	190	7.36
51	T	51	n: xiii	xiii	93	N	XIII	3.18	443	1.00	442	4.76
52	T	52	a: compact	compact	79	A	compact	3.40	741	0.38	284	9.38
53	T	53	na: partie antérieur	partie antérieur	100	N A	partie antérieure	3.31	1195	0.70	833	11.95
54	T	54	n: polype	polype	39	N	polype	3.39	728	0.57	414	18.67
55	T	55	n: pupille	pupille	112	N	pupilles	3.73	1590	0.45	722	14.20
56	T	56	n: pourtour	pourtour	84	N	pourtour	3.18	445	0.55	245	5.30
57	T	57	n: lement	lement	77	N	lement	3.41	750	0.97	729	9.74
58	T	58	n: rachis	rachis	72	N	rachis	3.63	1267	0.60	759	17.60
59	T	59	n: cavité	cavité	115	N	cavité	4.14	4098	0.32	1306	35.63
60	T	60	npn: pli de passage	pli de passage	43	N P N	pli de passage	3.56	1080	0.62	665	25.12
61	T	61	n: pince	pince	72	N	pince	3.61	1211	0.63	768	16.82
62	T	62	n: testicule	testicule	79	N	testicules	3.58	1113	0.57	636	14.09
63	T	63	n: luxation	luxation	70	N	luxation	3.49	915	0.46	425	13.07
64	T	64	a: urinaire	urinaire	74	A	urinaire	3.26	532	0.37	199	7.19
65	T	65	n: opercule	opercule	33	N	opercule	3.26	540	0.34	182	16.36
66	T	66	a: rachidien	rachidien	75	A	rachidien	3.33	1255	0.16	195	16.73
67	T	67	n: lèpre	lèpre	47	N	lèpre	3.22	486	0.68	332	10.34
68	T	68	n: odorat	odorat	110	N	odorat	3.37	690	0.79	548	6.27
69	T	69	n: torticolis	torticolis	46	N	torticolis	3.32	616	0.40	249	13.39
70	T	70	a: latent	latent	90	A	latente	3.20	471	0.76	357	5.23
71	T	71	n: charcot	charcot	96	N	Charcot	3.73	3190	0.90	2880	33.23
72	T	72	a: collatéral	collatéral	74	A	collatérales	3.17	871	0.54	468	11.77
73	T	73	na: lobe occipital	lobe occipital	63	N A	lobe occipital	3.58	1122	0.72	810	17.81
74	T	74	n: abdomen	abdomen	114	N	abdomen	3.42	1539	0.73	1130	13.50
75	T	75	na: face interne	face interne	90	N A	face interne	3.53	1973	0.82	1621	21.92
76	T	76	n: inflammation	inflammation	99	N	inflammation	3.35	1985	0.50	997	20.05
77	T	77	n: fente	fente	90	N	fente	3.49	903	0.41	367	10.03
78	T	78	n: neurone	neurone	41	N	neurones	3.52	975	0.44	428	23.78
79	T	79	n: kyste	kyste	68	N	kyste	3.80	1862	0.52	976	27.38
80	T	80	a: spinal	spinal	90	A	spinale	3.92	2452	0.33	798	27.24
81	T	81	r: obliquement	obliquement	77	R	obliquement	3.41	760	1.00	760	9.87
82	T	82	a: cérébelleux	cérébelleux	71	A	cérébelleux	3.22	2913	0.18	532	41.03
83	T	83	n: saillie	saillie	114	N	saillie	3.97	2722	0.61	1661	23.88
84	T	84	n: vagin	vagin	49	N	vagin	3.61	1206	0.71	858	24.61
85	T	85	na: circonvolution pariétal	circonvolution pariétal	40	N A	circonvolution pariétale	3.20	470	0.38	178	11.75
86	T	86	a: continuel	continuel	111	A	continuelle	3.37	698	0.62	431	6.29
87	T	87	npn: excès de boisson	excès de boisson	59	N P N	excès de boisson	3.24	507	0.96	487	8.59
88	T	88	a: pathologique	pathologique	119	A	pathologique	3.61	3599	0.38	1384	30.24
89	T	89	a: psychique	psychique	102	A	psychique	4.15	4160	0.35	1468	40.78
90	T	90	n: oblitération	oblitération	58	N	oblitération	3.17	435	0.40	174	7.50
91	T	91	na: corne antérieur	corne antérieur	52	N A	cornes antérieures	3.47	878	0.68	598	16.88
92	T	92	n: rougeole	rougeole	87	N	rougeole	3.44	804	0.75	603	9.24
93	T	93	na: pied droit	pied droit	82	N A	pied droit	3.23	499	0.81	405	6.09
94	T	94	a: convexe	convexe	82	A	convexe	3.44	806	0.41	327	9.83
95	T	95	n: trépidation	trépidation	65	N	trépidation	3.21	477	0.37	178	7.34
96	T	96	a: palmaire	palmaire	70	A	palmaire	3.32	620	0.37	232	8.86
97	T	97	n: plexus	plexus	85	N	plexus	3.65	1326	0.17	219	15.60
98	T	98	n: gland	gland	68	N	gland	3.18	447	0.77	344	6.57
99	T	99	na: face dorsal	face dorsal	76	N A	face dorsale	3.31	607	0.71	434	7.99
100	T	100	n: scoliose	scoliose	56	N	scoliose	3.60	1180	0.65	766	21.07
101	T	101	a: involontaire	involontaire	112	A	involontaires	3.52	968	0.44	424	8.64
102	T	102	na: substance gris	substance gris	80	N A	substance grise	3.33	3180	0.60	1911	39.75
103	T	103	a: métacarpien	métacarpien	49	A	métacarpien	3.41	754	0.85	641	15.39
104	T	104	na: pédoncule cérébral	pédoncule cérébral	67	N A	pédoncule cérébral	3.26	1072	0.37	400	16.00
105	T	105	n: cyphose	cyphose	41	N	cyphose	3.23	499	0.55	275	12.17
106	T	106	a: médullaire	médullaire	84	A	médullaire	3.40	2934	0.21	610	34.93
107	T	107	a: faradique	faradique	50	A	faradique	3.41	764	0.24	184	15.28
108	T	108	na: noyau lenticulaire	noyau lenticulaire	27	N A	noyau lenticulaire	3.28	1117	0.45	499	41.37
109	T	109	na: cellule nerveux	cellule nerveux	69	N A	cellules nerveuses	3.23	990	0.83	819	14.35
110	T	110	n: dentition	dentition	76	N	dentition	3.30	591	0.52	308	7.78
111	T	111	a: bulbaire	bulbaire	48	A	bulbaire	3.58	1124	0.26	290	23.42
112	T	112	n: vermis	vermis	30	N	vermis	3.28	567	0.41	233	18.90
113	T	113	na: enfant idiot	enfant idiot	39	N A	enfants idiots	3.41	757	0.45	340	19.41
114	T	114	n: muqueuse	muqueuse	104	N	muqueuse	3.58	1108	0.57	632	10.65
115	T	115	n: thorax	thorax	102	N	thorax	3.83	1976	0.69	1355	19.37
116	T	116	na: faisceau longitudinal	faisceau longitudinal	27	N A	faisceau longitudinal	3.23	1000	0.11	108	37.04
117	T	117	n: constipation	constipation	105	N	constipation	3.37	695	0.66	461	6.62
118	T	118	na: lobe frontal	lobe frontal	67	N A	lobe frontal	3.21	947	0.66	624	14.13
119	T	119	n: sérosité	sérosité	60	N	sérosité	3.17	438	0.49	214	7.30
120	T	120	n: flexion	flexion	109	N	flexion	4.06	3418	0.34	1154	31.36
121	T	121	n: palpation	palpation	73	N	palpation	3.19	452	0.90	406	6.19
122	T	122	n: ablation	ablation	78	N	ablation	3.25	521	0.59	305	6.68
123	T	123	a: encéphalique	encéphalique	77	A	encéphalique	3.30	591	0.24	139	7.68
124	T	124	a: motrice	motrice	99	A	motrice	3.53	1997	0.31	610	20.17
125	T	125	a: varié	varié	111	A	variés	3.39	718	0.75	542	6.47
126	T	126	a: successif	successif	116	A	successives	3.44	802	0.57	456	6.91
127	T	127	a: infectieux	infectieux	74	A	infectieuses	3.39	719	0.32	229	9.72
128	T	128	a: délirant	délirant	74	A	délirantes	3.19	451	0.35	157	6.09
129	T	129	a: cérébral	cérébral	129	A	cérébrale	3.64	8907	0.16	1424	69.05
130	T	130	n: largeur	largeur	115	N	largeur	3.60	1173	0.67	790	10.20
131	T	131	na: région cervical	région cervical	63	N A	région cervicale	3.27	552	0.79	436	8.76
132	T	132	n: gangrène	gangrène	53	N	gangrène	3.44	810	0.48	392	15.28
133	T	133	na: circonvolution temporal	circonvolution temporal	44	N A	circonvolution temporale	3.48	894	0.94	836	20.32
134	T	134	a: postérieur	postérieur	125	A	postérieure	3.98	13914	0.17	2420	111.31
135	T	135	n: écorce	écorce	97	N	écorce	3.64	2564	0.24	613	26.43
136	T	136	na: couche sagittal	couche sagittal	9	N A	couche sagittale	3.23	499	0.26	129	55.44
137	T	137	na: antécédent héréditaire	antécédent héréditaire	77	N A	Antécédents héréditaires	3.37	698	0.91	637	9.06
138	T	138	a: thoracique	thoracique	88	A	thoracique	3.21	965	0.18	169	10.97
139	T	139	n: cylindre	cylindre	73	N	cylindre	3.24	517	0.66	339	7.08
140	T	140	n: ligature	ligature	57	N	ligature	3.67	1383	0.59	815	24.26
141	T	141	a: mercuriel	mercuriel	58	A	mercuriel	3.18	449	0.14	61	7.74
142	T	142	na: corps calleux	corps calleux	65	N A	corps calleux	3.97	2764	0.46	1281	42.52
143	T	143	a: inerte	inerte	100	A	inerte	3.24	507	0.66	334	5.07
144	T	144	n: narine	narine	100	N	narines	3.22	489	0.68	334	4.89
145	T	145	a: tendineux	tendineux	68	A	tendineux	3.73	1574	0.11	181	23.15
146	T	146	n: cornée	cornée	74	N	cornée	3.20	462	0.68	316	6.24
147	T	147	na: capsule interne	capsule interne	41	N A	capsule interne	3.22	1972	0.99	1958	48.10
148	T	148	n: oscillation	oscillation	98	N	oscillations	3.38	714	0.72	517	7.29
149	T	149	n: commissure	commissure	91	N	commissure	3.20	2342	0.14	332	25.74
150	T	150	n: myopathie	myopathie	34	N	myopathie	3.37	683	0.40	275	20.09
151	T	151	a: trophique	trophique	74	A	trophiques	3.73	1597	0.19	308	21.58
152	T	152	n: abduction	abduction	67	N	abduction	3.25	527	0.66	347	7.87
153	T	153	a: convulsif	convulsif	116	A	convulsifs	3.48	1767	0.18	310	15.23
154	T	154	n: valvule	valvule	61	N	valvule	3.30	588	0.24	143	9.64
155	T	155	n: verge	verge	88	N	verge	3.43	800	0.84	670	9.09
156	T	156	n: potet	potet	25	N	Potet	3.28	1128	0.56	627	45.12
157	T	157	n: traction	traction	87	N	traction	3.27	548	0.82	447	6.30
158	T	158	a: volumineux	volumineux	120	A	volumineux	3.19	2708	0.71	1932	22.57
159	T	159	n: atrophie	atrophie	107	N	atrophie	4.38	7007	0.32	2223	65.49
160	T	160	n: convulsion	convulsion	118	N	convulsions	4.11	3796	0.74	2826	32.17
161	T	161	a: analogue	analogue	127	A	analogue	3.78	3524	0.64	2242	27.75
162	T	162	na: main gauche	main gauche	110	N A	main gauche	3.51	1918	0.94	1810	17.44
163	T	163	n: idiotie	idiotie	78	N	idiotie	3.92	2425	0.50	1201	31.09
164	T	164	n: vessie	vessie	99	N	vessie	3.90	2335	0.68	1588	23.59
165	T	165	n: insula	insula	56	N	insula	3.44	807	0.45	362	14.41
166	T	166	n: velpeau	velpeau	33	N	Velpeau	3.21	473	1.00	471	14.33
167	T	167	a: physiologique	physiologique	118	A	physiologique	3.29	2892	0.41	1178	24.51
168	T	168	n: étal	étal	92	N	étal	3.33	633	0.79	499	6.88
169	T	169	n: rameau	rameau	78	N	rameaux	3.30	594	0.63	377	7.62
170	T	170	n: hypnose	hypnose	35	N	hypnose	3.84	2029	0.76	1545	57.97
171	T	171	na: globe oculaire	globe oculaire	95	N A	globes oculaires	3.25	519	0.78	407	5.46
172	T	172	a: minutieux	minutieux	113	A	minutieux	3.24	508	0.58	293	4.50
173	T	173	n: ueber	ueber	55	N	Ueber	3.22	491	0.42	204	8.93
174	T	174	n: hypnotiseur	hypnotiseur	28	N	hypnotiseur	3.23	497	0.80	400	17.75
175	T	175	n: conduit	conduit	81	N	conduit	3.26	533	0.30	162	6.58
176	T	176	a: passif	passif	91	A	passifs	3.49	905	0.49	447	9.95
177	T	177	n: intoxication	intoxication	77	N	intoxication	3.47	877	0.56	494	11.39
178	T	178	a: temporal	temporal	93	A	temporale	3.76	3374	0.24	800	36.28
179	T	179	a: périphérique	périphérique	86	A	périphérique	3.29	2281	0.28	632	26.52
180	T	180	a: pariétal	pariétal	89	A	pariétal	3.75	3292	0.32	1062	36.99
181	T	181	n: ments	ments	82	N	ments	3.61	1211	0.81	980	14.77
182	T	182	na: ligne médian	ligne médian	101	N A	ligne médiane	3.60	1173	0.94	1102	11.61
183	T	183	n: méninge	méninge	73	N	méninges	3.47	1750	0.71	1236	23.97
184	T	184	n: prostate	prostate	25	N	prostate	3.20	467	0.81	380	18.68
185	T	185	n: aqueduc	aqueduc	49	N	aqueduc	3.22	493	0.11	52	10.06
186	T	186	a: digestif	digestif	108	A	digestif	3.38	706	0.19	133	6.54
187	T	187	a: génital	génital	101	A	génitaux	3.75	1646	0.16	258	16.30
188	T	188	n: rétine	rétine	69	N	rétine	3.30	587	0.72	423	8.51
189	T	189	n: appendice	appendice	96	N	appendice	3.24	511	0.47	238	5.32
190	T	190	a: héréditaire	héréditaire	99	A	héréditaire	3.30	2374	0.33	787	23.98
191	T	191	na: nerf optique	nerf optique	91	N A	nerf optique	3.52	966	0.66	639	10.62
192	T	192	a: articulaire	articulaire	99	A	articulaire	3.50	1881	0.20	383	19.00
193	T	193	n: menton	menton	101	N	menton	3.46	848	0.72	612	8.40
194	T	194	n: adduction	adduction	68	N	adduction	3.28	563	0.64	363	8.28
195	T	195	na: région lombaire	région lombaire	81	N A	région lombaire	3.37	698	0.89	623	8.62
196	T	196	n: rougeur	rougeur	90	N	rougeur	3.29	573	0.72	411	6.37
197	T	197	a: persistant	persistant	102	A	persistante	3.24	515	0.77	395	5.05
198	T	198	na: segment postérieur	segment postérieur	21	N A	segment postérieur	3.40	746	0.72	534	35.52
199	T	199	n: viscère	viscère	94	N	viscères	3.41	762	0.61	465	8.11
200	T	200	n: excision	excision	23	N	excision	3.23	495	0.83	410	21.52
201	T	201	n: sangsue	sangsue	59	N	sangsues	3.19	452	0.60	271	7.66
202	T	202	a: anal	anal	70	A	anal	3.18	444	0.49	216	6.34
203	T	203	n: cervelet	cervelet	91	N	cervelet	4.02	3083	0.58	1795	33.88
204	T	204	n: intestin	intestin	98	N	intestin	3.58	2238	0.67	1503	22.84
205	T	205	n: pubis	pubis	68	N	pubis	3.34	649	0.70	455	9.54
206	T	206	a: respiratoire	respiratoire	104	A	respiratoire	3.41	749	0.31	230	7.20
207	T	207	n: glande	glande	116	N	glande	3.97	2739	0.17	474	23.61
208	T	208	a: laire	laire	68	A	laire	3.26	1077	1.00	1077	15.84
209	T	209	n: sacrum	sacrum	67	N	sacrum	3.21	475	0.69	327	7.09
210	T	210	a: meige	meige	31	A	MEIGE	3.21	958	0.48	461	30.90
211	T	211	na: cordon latéral	cordon latéral	48	N A	cordon latéral	3.21	473	0.60	283	9.85
212	T	212	na: maladie mental	maladie mental	82	N A	maladies mentales	3.26	531	0.55	291	6.48
213	T	213	n: circonvolution	circonvolution	96	N	circonvolution	4.01	9046	0.21	1906	94.23
214	T	214	a: crural	crural	58	A	crural	3.24	514	0.24	124	8.86
215	T	215	n: tabes	tabes	41	N	tabes	3.57	2189	0.69	1516	53.39
216	T	216	a: histologique	histologique	68	A	histologique	3.21	948	0.21	196	13.94
217	T	217	n: éruption	éruption	90	N	éruption	3.17	868	0.68	587	9.64
218	T	218	n: membrane	membrane	106	N	membrane	3.95	2619	0.46	1200	24.71
219	T	219	n: omoplate	omoplate	67	N	omoplate	3.43	797	0.64	509	11.90
220	T	220	a: externe	externe	130	A	externe	4.24	10321	0.20	2083	79.39
221	T	221	n: insensibilité	insensibilité	85	N	insensibilité	3.38	709	0.64	455	8.34
222	T	222	a: lingual	lingual	51	A	lingual	3.30	589	0.27	159	11.55
223	T	223	a: symétrique	symétrique	105	A	symétrique	3.35	1327	0.64	844	12.64
224	T	224	a: adipeux	adipeux	58	A	adipeux	3.32	613	0.21	127	10.57
225	T	225	npn: scissure de sylvius	scissure de sylvius	55	N P N	scissure de Sylvius	3.17	865	0.99	853	15.73
226	T	226	n: parésie	parésie	73	N	parésie	3.53	1007	0.54	539	13.79
227	T	227	n: anus	anus	83	N	anus	3.48	887	0.56	494	10.69
228	T	228	n: anse	anse	66	N	anse	3.57	1082	0.36	387	16.39
229	T	229	na: corps thyroïde	corps thyroïde	69	N A	corps thyroïde	3.38	714	0.81	580	10.35
230	T	230	a: fusiforme	fusiforme	52	A	fusiforme	3.30	582	0.25	147	11.19
231	T	231	a: inguinal	inguinal	75	A	inguinal	3.28	559	0.18	103	7.45
232	T	232	n: arch	arch	64	N	Arch	3.40	735	0.99	726	11.48
233	T	233	a: infantile	infantile	83	A	infantile	3.79	1802	0.40	724	21.71
234	T	234	n: infirmerie	infirmerie	83	N	infirmerie	3.38	703	0.69	482	8.47
235	T	235	n: hérédité	hérédité	95	N	hérédité	3.56	1058	0.64	676	11.14
236	T	236	n: tement	tement	74	N	tement	3.32	617	0.93	574	8.34
237	T	237	a: organique	organique	109	A	organique	3.94	2582	0.26	679	23.69
238	T	238	n: suture	suture	97	N	suture	3.83	2013	0.42	838	20.75
239	T	239	na: faculté intellectuel	faculté intellectuel	99	N A	facultés intellectuelles	3.18	450	0.80	358	4.55
240	T	240	a: muqueux	muqueux	98	A	muqueuse	3.47	879	0.26	227	8.97
241	T	241	na: partie moyen	partie moyen	85	N A	partie moyenne	3.61	1190	0.78	930	14.00
242	T	242	na: face supérieur	face supérieur	63	N A	face supérieure	3.28	557	0.67	375	8.84
243	T	243	n: aphasie	aphasie	72	N	aphasie	3.51	952	0.39	372	13.22
244	T	244	n: apophyse	apophyse	87	N	apophyse	3.78	1785	0.10	181	20.52
245	T	245	n: choléra	choléra	74	N	choléra	3.33	636	0.53	338	8.59
246	T	246	n: phalange	phalange	89	N	phalange	3.74	1604	0.72	1147	18.02
247	T	247	na: hémisphère droit	hémisphère droit	69	N A	hémisphère droit	3.38	710	0.94	667	10.29
248	T	248	n: dure-mère	dure-mère	72	N	dure-mère	3.67	1390	0.73	1017	19.31
249	T	249	n: crampe	crampe	87	N	crampe	3.66	1343	0.50	666	15.44
250	T	250	n: calibre	calibre	67	N	calibre	3.23	505	0.71	361	7.54
251	T	251	a: ultérieur	ultérieur	104	A	ultérieure	3.26	535	0.50	270	5.14
252	T	252	n: brissaud	brissaud	66	N	Brissaud	3.30	1165	0.96	1115	17.65
253	T	253	n: mensuration	mensuration	79	N	mensurations	3.31	605	0.73	439	7.66
254	T	254	n: électrode	électrode	28	N	électrode	3.24	508	0.66	335	18.14
255	T	255	na: œil droit	œil droit	94	N A	oeil droit	3.28	562	0.98	552	5.98
256	T	256	a: lymphatique	lymphatique	87	A	lymphatiques	3.21	946	0.27	253	10.87
257	T	257	a: radial	radial	62	A	radial	3.24	1027	0.47	486	16.56
258	T	258	n: spasme	spasme	100	N	spasme	3.76	1707	0.60	1026	17.07
259	T	259	n: mademoiselle	mademoiselle	86	N	Mlle	3.46	850	0.77	655	9.88
260	T	260	a: fixe	fixe	123	A	fixe	3.67	1385	0.31	427	11.26
261	T	261	n: mesmer	mesmer	30	N	Mesmer	3.24	507	0.81	411	16.90
262	T	262	a: hypnotique	hypnotique	46	A	hypnotique	3.62	3652	0.22	788	79.39
263	T	263	a: rotulien	rotulien	68	A	rotuliens	3.55	1043	0.14	146	15.34
264	T	264	n: utérus	utérus	85	N	utérus	3.52	1961	0.56	1104	23.07
265	T	265	n: infirmité	infirmité	102	N	infirmité	3.21	481	0.88	423	4.72
266	T	266	a: sinueux	sinueux	62	A	sinueuse	3.35	662	0.89	588	10.68
267	T	267	n: stratum	stratum	19	N	stratum	3.32	612	0.15	92	32.21
268	T	268	a: clonique	clonique	79	A	cloniques	3.20	468	0.28	132	5.92
269	T	269	n: ankylose	ankylose	47	N	ankylose	3.34	651	0.46	301	13.85
270	T	270	n: frayeur	frayeur	97	N	frayeur	3.23	498	0.82	408	5.13
271	T	271	na: commissure antérieur	commissure antérieur	27	N A	commissure antérieure	3.23	502	0.97	489	18.59
272	T	272	n: nanisme	nanisme	31	N	nanisme	3.36	668	0.53	351	21.55
273	T	273	n: trigone	trigone	31	N	trigone	3.25	1044	0.28	292	33.68
274	T	274	n: tendon	tendon	91	N	tendon	3.80	1874	0.30	560	20.59
275	T	275	na: champ visuel	champ visuel	74	N A	champ visuel	3.43	798	0.58	459	10.78
276	T	276	n: fléchisseur	fléchisseur	63	N	fléchisseurs	3.25	1059	0.40	426	16.81
277	T	277	a: opératoire	opératoire	85	A	opératoire	3.55	1044	0.15	155	12.28
278	T	278	n: fistule	fistule	46	N	fistule	3.51	955	0.51	483	20.76
279	T	279	n: aisselle	aisselle	87	N	aisselles	3.45	829	0.63	521	9.53
280	T	280	na: jambe droit	jambe droit	91	N A	jambe droite	3.34	645	0.97	624	7.09
281	T	281	n: clavicule	clavicule	71	N	clavicule	3.31	599	0.80	478	8.44
282	T	282	na: région dorsal	région dorsal	67	N A	région dorsale	3.34	648	0.71	459	9.67
283	T	283	na: moitié droit	moitié droit	93	N A	moitié droite	3.25	520	0.71	371	5.59
284	T	284	na: trouble trophique	trouble trophique	61	N A	troubles trophiques	3.50	926	0.82	760	15.18
285	T	285	a: cellulaire	cellulaire	93	A	cellulaire	3.38	2122	0.14	287	22.82
286	T	286	n: sternum	sternum	80	N	sternum	3.32	622	0.79	493	7.78
287	T	287	n: tions	tions	87	N	tions	3.71	1520	0.84	1276	17.47
288	T	288	a: rationnel	rationnel	88	A	rationnel	3.27	549	0.72	394	6.24
289	T	289	n: gyrus	gyrus	30	N	gyrus	3.36	678	0.27	185	22.60
290	T	290	n: ovaire	ovaire	71	N	ovaire	3.36	672	0.57	385	9.46
291	T	291	n: hallucination	hallucination	104	N	hallucinations	3.60	2326	0.61	1423	22.37
292	T	292	a: cartilagineux	cartilagineux	56	A	cartilagineux	3.20	465	0.49	227	8.30
293	T	293	n: tique	tique	99	N	tique	3.51	945	0.95	898	9.55
294	T	294	na: organe génital	organe génital	94	N A	organes génitaux	3.44	803	0.76	611	8.54
295	T	295	a: iliaque	iliaque	83	A	iliaque	3.59	1134	0.16	179	13.66
296	T	296	n: orifice	orifice	91	N	orifice	3.79	1814	0.42	764	19.93
297	T	297	n: ataxie	ataxie	62	N	ataxie	3.49	902	0.38	346	14.55
298	T	298	n: syphilis	syphilis	92	N	syphilis	3.93	2485	0.66	1637	27.01
299	T	299	n: rectum	rectum	74	N	rectum	3.59	1157	0.64	737	15.64
300	T	300	n: orteil	orteil	98	N	orteils	3.99	2871	0.52	1502	29.30
301	T	301	a: rieure	rieure	68	A	rieure	3.27	1089	1.00	1089	16.01
302	T	302	n: tibia	tibia	67	N	tibia	3.49	913	0.57	521	13.63
303	T	303	n: apoplexie	apoplexie	86	N	apoplexie	3.44	809	0.27	221	9.41
304	T	304	na: membre inférieur	membre inférieur	117	N A	membres inférieurs	3.47	5171	0.66	3412	44.20
305	T	305	a: galvanique	galvanique	63	A	galvanique	3.38	712	0.31	219	11.30
306	T	306	a: infé	infé	57	A	infé	3.23	500	0.12	59	8.77
307	T	307	a: celte	celte	119	A	celte	3.51	2886	0.98	2833	24.25
308	T	308	n: lobule	lobule	91	N	lobule	3.74	3254	0.23	733	35.76
309	T	309	a: grêle	grêle	91	A	grêle	3.30	1165	0.50	585	12.80
310	T	310	n: somnambulisme	somnambulisme	68	N	somnambulisme	3.29	3420	0.64	2198	50.29
311	T	311	n: guérison	guérison	116	N	guérison	3.53	4962	0.67	3300	42.78
312	T	312	n: bandelette	bandelette	72	N	bandelette	3.43	1568	0.22	339	21.78
313	T	313	n: magnétiseur	magnétiseur	48	N	magnétiseur	3.74	3269	0.82	2695	68.10
314	T	314	na: face externe	face externe	80	N A	face externe	3.30	1183	0.81	955	14.79
315	T	315	n: voûte	voûte	114	N	voûte	3.67	1371	0.30	406	12.03
316	T	316	n: épiphyse	épiphyse	44	N	épiphyses	3.21	472	0.59	279	10.73
317	T	317	a: thalamique	thalamique	15	A	thalamique	3.31	600	0.19	111	40.00
318	T	318	na: cellule pyramidal	cellule pyramidal	33	N A	cellules pyramidales	3.17	440	0.75	329	13.33
319	T	319	a: paralytique	paralytique	96	A	paralytique	3.26	1070	0.70	744	11.15
320	T	320	n: sillon	sillon	108	N	sillon	4.39	7233	0.21	1511	66.97
321	T	321	n: péroné	péroné	40	N	péroné	3.17	433	0.54	234	10.83
322	T	322	n: granulation	granulation	68	N	granulations	3.41	753	0.63	471	11.07
323	T	323	n: isthme	isthme	62	N	isthme	3.17	435	0.52	227	7.02
324	T	324	n: déviation	déviation	112	N	déviation	3.23	1988	0.54	1075	17.75
325	T	325	a: conjonctif	conjonctif	68	A	conjonctif	3.22	1467	0.16	235	21.57
326	T	326	a: abdominal	abdominal	105	A	abdominale	3.34	1921	0.17	334	18.30
327	T	327	n: puberté	puberté	90	N	puberté	3.40	735	0.78	574	8.17
328	T	328	a: pyramidal	pyramidal	70	A	pyramidal	3.84	2015	0.22	435	28.79
329	T	329	n: innervation	innervation	75	N	innervation	3.36	674	0.62	420	8.99
330	T	330	a: vertébral	vertébral	113	A	vertébrale	3.58	3363	0.14	456	29.76
331	T	331	n: dissection	dissection	66	N	dissection	3.18	447	0.75	337	6.77
332	T	332	a: intercostal	intercostal	68	A	intercostaux	3.21	481	0.21	101	7.07
333	T	333	na: faisceau pyramidal	faisceau pyramidal	45	N A	faisceau pyramidal	3.44	811	0.65	527	18.02
334	T	334	n: calotte	calotte	67	N	calotte	3.61	1196	0.41	487	17.85
335	T	335	n: courbure	courbure	78	N	courbure	3.85	2103	0.42	877	26.96
336	T	336	n: hémisphère	hémisphère	115	N	hémisphère	3.51	4732	0.38	1807	41.15
337	T	337	a: défectueux	défectueux	100	A	défectueuse	3.19	459	0.74	338	4.59
338	T	338	n: grosseur	grosseur	104	N	grosseur	3.32	613	0.44	268	5.89
339	T	339	n: paupière	paupière	118	N	paupières	3.94	2566	0.51	1320	21.75
340	T	340	a: congénital	congénital	92	A	congénitale	3.16	2143	0.48	1020	23.29
341	T	341	n: cubitus	cubitus	45	N	cubitus	3.18	450	0.64	286	10.00
342	T	342	n: difformité	difformité	73	N	difformité	3.46	854	0.70	595	11.70
343	T	343	n: insomnie	insomnie	88	N	insomnie	3.36	667	0.90	600	7.58
344	T	344	n: urine	urine	114	N	urine	4.04	3205	0.44	1415	28.11
345	T	345	n: avant-bras	avant-bras	109	N	avant-bras	3.37	2750	0.55	1512	25.23
346	T	346	n: sieur	sieur	98	N	sieur	3.26	540	0.72	391	5.51
347	T	347	n: urètre	urètre	13	N	urètre	3.33	628	0.56	349	48.31
348	T	348	a: cervical	cervical	100	A	cervicale	3.97	2743	0.22	617	27.43
349	T	349	n: sinus	sinus	68	N	sinus	3.57	1102	0.20	218	16.21
350	T	350	a: électrique	électrique	101	A	électrique	3.32	2474	0.19	463	24.50
351	T	351	n: chiasma	chiasma	55	N	chiasma	3.17	436	0.51	221	7.93
352	T	352	n: incontinence	incontinence	91	N	incontinence	3.48	888	0.24	209	9.76
353	T	353	n: mercure	mercure	70	N	mercure	3.17	438	0.64	279	6.26
354	T	354	n: onanisme	onanisme	68	N	onanisme	3.42	774	0.83	641	11.38
355	T	355	n: larynx	larynx	104	N	larynx	3.40	748	0.65	488	7.19
356	T	356	a: oculaire	oculaire	116	A	oculaires	3.50	1867	0.20	367	16.09
357	T	357	na: circonvolution frontal	circonvolution frontal	60	N A	circonvolution frontale	3.39	1439	0.75	1078	23.98
358	T	358	n: circonférence	circonférence	101	N	circonférence	3.20	1412	0.58	824	13.98
359	T	359	n: catalepsie	catalepsie	69	N	catalepsie	3.51	961	0.81	776	13.93
360	T	360	n: léthargie	léthargie	60	N	léthargie	3.25	523	0.78	407	8.72
361	T	361	n: bistouri	bistouri	53	N	bistouri	3.58	1128	0.60	675	21.28
362	T	362	na: face postérieur	face postérieur	80	N A	face postérieure	3.46	859	0.81	699	10.74
363	T	363	n: ulcère	ulcère	63	N	ulcère	3.26	535	0.42	224	8.49
364	T	364	n: diaphragme	diaphragme	84	N	diaphragme	3.20	468	0.81	378	5.57
365	T	365	n: vertèbre	vertèbre	84	N	vertèbres	3.25	2622	0.40	1047	31.21
366	T	366	a: tactile	tactile	67	A	tactile	3.34	645	0.25	161	9.63
367	T	367	n: incisure	incisure	29	N	incisure	3.40	737	0.45	328	25.41
368	T	368	a: glabre	glabre	54	A	glabre	3.18	448	0.35	156	8.30
369	T	369	n: céphalée	céphalée	60	N	céphalée	3.33	632	0.72	457	10.53
370	T	370	n: luys	luys	53	N	Luys	3.42	773	0.43	335	14.58
371	T	371	n: massage	massage	75	N	massage	3.23	505	0.88	445	6.73
372	T	372	a: médian	médian	113	A	médiane	3.86	4238	0.21	893	37.50
373	T	373	a: oblique	oblique	90	A	oblique	3.71	1513	0.62	936	16.81
374	T	374	n: thalamus	thalamus	21	N	thalamus	3.66	1343	0.47	628	63.95
375	T	375	n: babinski	babinski	46	N	Babinski	3.18	890	0.66	589	19.35
376	T	376	n: migraine	migraine	92	N	migraines	3.42	780	0.83	646	8.48
377	T	377	na: segment antérieur	segment antérieur	21	N A	segment antérieur	3.18	443	0.79	348	21.10
378	T	378	a: irrégulier	irrégulier	120	A	irrégulière	3.50	1850	0.70	1289	15.42
379	T	379	a: sanguin	sanguin	107	A	sanguins	3.69	1458	0.18	267	13.63
380	T	380	n: incision	incision	97	N	incision	3.93	2533	0.56	1413	26.11
381	T	381	a: artériel	artériel	90	A	artérielle	3.41	761	0.18	139	8.46
382	T	382	a: brachial	brachial	73	A	brachial	3.42	775	0.26	203	10.62
383	T	383	n: strabisme	strabisme	87	N	strabisme	3.20	926	0.56	520	10.64
384	T	384	a: pair	pair	62	A	paire	3.32	610	0.68	416	9.84
385	T	385	npn: heure du soir	heure du soir	101	N P N	heures du soir	3.28	557	0.98	546	5.51
386	T	386	n: congestion	congestion	106	N	congestion	3.20	932	0.39	368	8.79
387	T	387	npn: thèse de pari	thèse de pari	70	N P N	Thèse de Paris	3.39	729	1.00	729	10.41
388	T	388	na: membre supérieur	membre supérieur	109	N A	membres supérieurs	3.17	3504	0.65	2281	32.15
389	T	389	n: ponction	ponction	57	N	ponction	3.64	1296	0.49	637	22.74
390	T	390	n: diarrhée	diarrhée	100	N	diarrhée	3.48	883	0.75	663	8.83
391	T	391	n: nain	nain	45	N	nains	3.27	553	0.76	422	12.29
392	T	392	na: bandelette optique	bandelette optique	46	N A	bandelette optique	3.32	620	0.93	577	13.48
393	T	393	npn: faculté de médecine	faculté de médecine	99	N P N	Faculté de médecine	3.43	786	0.67	530	7.94
394	T	394	n: dégénérescence	dégénérescence	98	N	dégénérescence	3.49	3682	0.32	1179	37.57
395	T	395	na: racine antérieur	racine antérieur	41	N A	racines antérieures	3.22	485	0.72	347	11.83
396	T	396	n: nouv	nouv	34	N	Nouv	3.31	601	0.99	594	17.68
397	T	397	n: paume	paume	92	N	paume	3.27	549	0.17	91	5.97
398	T	398	n: canule	canule	20	N	canule	3.40	733	0.77	563	36.65
399	T	399	n: scissure	scissure	75	N	scissure	4.13	3973	0.11	438	52.97
400	T	400	n: paget	paget	24	N	Paget	3.19	456	0.28	128	19.00
401	T	401	a: cancéreux	cancéreux	55	A	cancéreux	3.57	1090	0.24	257	19.82
402	T	402	na: réflexe tendineux	réflexe tendineux	53	N A	réflexes tendineux	3.57	1087	0.57	625	20.51
403	T	403	na: jambe gauche	jambe gauche	94	N A	jambe gauche	3.35	662	0.97	641	7.04
404	T	404	na: lame médullaire	lame médullaire	8	N A	lame médullaire	3.34	646	0.16	105	80.75
405	T	405	n: morphine	morphine	83	N	morphine	3.27	552	0.62	342	6.65
406	T	406	a: facial	facial	104	A	facial	3.89	2288	0.46	1046	22.00
407	T	407	na: fibre nerveux	fibre nerveux	66	N A	fibres nerveuses	3.46	851	0.81	690	12.89
408	T	408	a: fibreux	fibreux	76	A	fibreux	3.94	2555	0.23	596	33.62
409	T	409	a: métallique	métallique	82	A	métallique	3.25	523	0.37	195	6.38
410	T	410	n: globule	globule	72	N	globules	3.32	618	0.34	212	8.58
411	T	411	n: ossification	ossification	56	N	ossification	3.50	941	0.48	447	16.80
412	T	412	a: cortical	cortical	88	A	corticale	3.79	1799	0.24	435	20.44
413	T	413	n: convexité	convexité	81	N	convexité	3.54	1023	0.36	369	12.63
414	T	414	a: musculaire	musculaire	123	A	musculaire	3.71	7499	0.19	1430	60.97
415	T	415	n: trapèze	trapèze	52	N	trapèze	3.32	617	0.63	389	11.87
416	T	416	n: ouïe	ouïe	112	N	ouïe	3.46	859	0.61	520	7.67
417	T	417	n: myéline	myéline	45	N	myéline	3.48	896	0.40	359	19.91
418	T	418	n: coloration	coloration	108	N	coloration	3.52	1929	0.50	967	17.86
419	T	419	a: ques	ques	95	A	ques	3.65	1324	1.00	1322	13.94
420	T	420	na: pli courbe	pli courbe	57	N A	pli courbe	3.41	749	0.69	516	13.14
421	T	421	a: osseux	osseux	99	A	osseuse	4.15	4146	0.24	982	41.88
422	T	422	n: myélite	myélite	53	N	myélite	3.39	724	0.33	239	13.66
423	T	423	a: lombaire	lombaire	100	A	lombaire	4.06	3366	0.23	758	33.66
424	T	424	n: pott	pott	46	N	Pott	3.18	442	0.67	298	9.61
425	T	425	n: caillot	caillot	67	N	caillots	3.38	712	0.48	341	10.63
426	T	426	a: perpendiculaire	perpendiculaire	90	A	perpendiculaire	3.29	579	0.40	229	6.43
427	T	427	n: cylindre-axe	cylindre-axe	21	N	cylindre-axe	3.17	433	0.76	327	20.62
428	T	428	a: sous-cutané	sous-cutané	92	A	sous-cutané	3.18	886	0.26	234	9.63
429	T	429	a: photographique	photographique	73	A	photographique	3.22	489	0.24	118	6.70
430	T	430	n: immobilité	immobilité	98	N	immobilité	3.31	601	0.70	423	6.13
431	T	431	n: phlébite	phlébite	31	N	phlébite	3.34	639	0.55	349	20.61
432	T	432	n: fémur	fémur	61	N	fémur	3.63	1245	0.40	496	20.41
433	T	433	a: exagéré	exagéré	112	A	exagérée	3.22	485	0.65	315	4.33
434	T	434	n: névralgie	névralgie	102	N	névralgies	3.56	1078	0.58	625	10.57
435	T	435	n: extraction	extraction	67	N	extraction	3.29	573	0.50	287	8.55
436	T	436	n: expérimentateur	expérimentateur	67	N	expérimentateur	3.29	579	0.88	510	8.64
437	T	437	na: couche optique	couche optique	72	N A	couche optique	3.24	2035	0.96	1957	28.26
438	T	438	a: saillant	saillant	112	A	saillantes	3.75	1660	0.71	1171	14.82
439	T	439	n: pulvinar	pulvinar	21	N	pulvinar	3.35	661	0.78	516	31.48
440	T	440	n: surdité	surdité	92	N	surdité	3.33	623	0.63	394	6.77
441	T	441	a: frontal	frontal	115	A	frontale	4.04	6513	0.30	1960	56.63
442	T	442	a: veineux	veineux	68	A	veineux	3.40	747	0.24	178	10.99
443	T	443	a: sagittal	sagittal	53	A	sagittale	3.63	1255	0.13	157	23.68
444	T	444	a: rieur	rieur	81	A	rieur	3.36	1337	1.00	1331	16.51
445	T	445	n: môme	môme	121	N	môme	3.95	2604	0.75	1942	21.52
446	T	446	a: curatif	curatif	68	A	curative	3.34	641	0.34	215	9.43
447	T	447	n: vomissement	vomissement	111	N	vomissements	3.52	1972	0.77	1512	17.77
448	T	448	a: longitudinal	longitudinal	93	A	longitudinal	3.89	2263	0.12	269	24.33
449	T	449	n: reil	reil	53	N	Reil	3.55	1037	0.14	142	19.57
450	T	450	n: arcade	arcade	94	N	arcade	3.38	713	0.17	119	7.59
451	T	451	a: utérin	utérin	73	A	utérin	3.58	1126	0.20	223	15.42
452	T	452	n: rate	rate	91	N	rate	3.49	920	0.68	624	10.11
453	T	453	n: inclinaison	inclinaison	79	N	inclinaison	3.32	614	0.60	367	7.77
454	T	454	n: adhérence	adhérence	95	N	adhérences	3.40	1471	0.67	980	15.48
455	T	455	a: viscéral	viscéral	84	A	viscérales	3.24	515	0.45	232	6.13
456	T	456	na: hémisphère gauche	hémisphère gauche	76	N A	hémisphère gauche	3.30	584	0.94	551	7.68
457	T	457	n: hypophyse	hypophyse	27	N	hypophyse	3.28	561	0.66	373	20.78
458	T	458	a: appréciable	appréciable	117	A	appréciable	3.32	1243	0.61	757	10.62
459	T	459	n: estomac	estomac	115	N	estomac	3.87	2190	0.67	1472	19.04
460	T	460	n: somnambule	somnambule	48	N	somnambule	3.29	4052	0.85	3427	84.42
461	T	461	n: hystérie	hystérie	108	N	hystérie	3.75	4923	0.62	3074	45.58
462	T	462	a: plantaire	plantaire	73	A	plantaire	3.21	960	0.28	271	13.15
463	T	463	a: interstitiel	interstitiel	56	A	interstitielle	3.32	621	0.27	166	11.09
464	T	464	na: maladie nerveux	maladie nerveux	107	N A	maladies nerveuses	3.20	942	0.56	526	8.80
465	T	465	n: phobie	phobie	37	N	phobies	3.27	552	0.70	388	14.92
466	T	466	n: nystagmus	nystagmus	68	N	nystagmus	3.27	545	0.85	464	8.01
467	T	467	n: œdème	œdème	89	N	oedème	3.59	2267	0.51	1151	25.47
468	T	468	n: sion	sion	83	N	sion	3.47	879	0.87	767	10.59
469	T	469	n: contraction	contraction	109	N	contraction	3.54	4059	0.44	1799	37.24
470	T	470	n: déglutition	déglutition	92	N	déglutition	3.24	515	0.44	226	5.60
471	T	471	a: gastrique	gastrique	89	A	gastrique	3.29	579	0.30	171	6.51
472	T	472	a: médico-légal	médico-légal	56	A	médico-légales	3.21	479	0.20	97	8.55
473	T	473	a: radiculaire	radiculaire	45	A	radiculaires	3.68	1425	0.20	280	31.67
474	T	474	a: sensoriel	sensoriel	73	A	sensorielle	3.44	810	0.45	364	11.10
475	T	475	n: ganglion	ganglion	100	N	ganglions	4.13	3957	0.32	1258	39.57
476	T	476	na: apophyse épineux	apophyse épineux	59	N A	apophyses épineuses	3.24	513	0.78	399	8.69
477	T	477	n: forceps	forceps	52	N	forceps	3.28	564	0.27	150	10.85
478	T	478	n: rhumatisme	rhumatisme	101	N	rhumatisme	3.26	1065	0.46	490	10.54
479	T	479	a: séreux	séreux	67	A	séreuse	3.40	733	0.34	252	10.94
480	T	480	na: partie postérieur	partie postérieur	99	N A	partie postérieure	3.37	1372	0.64	877	13.86
481	T	481	na: lèvre supérieur	lèvre supérieur	85	N A	lèvre supérieure	3.17	437	0.97	423	5.14
482	T	482	n: dilatation	dilatation	108	N	dilatation	3.37	1370	0.49	665	12.69
483	T	483	n: tare	tare	77	N	tare	3.20	470	0.45	212	6.10
484	T	484	a: transversal	transversal	106	A	transversale	3.44	2451	0.21	512	23.12
485	T	485	a: suggestif	suggestif	47	A	suggestive	3.53	991	0.31	308	21.09
486	T	486	n: cartilage	cartilage	67	N	cartilage	3.65	1326	0.34	456	19.79
487	T	487	na: lobe temporal	lobe temporal	52	N A	lobe temporal	3.38	699	0.75	521	13.44
488	T	488	n: tion	tion	108	N	tion	4.14	4103	0.85	3480	37.99
489	T	489	n: gigantisme	gigantisme	25	N	gigantisme	3.38	712	0.67	475	28.48
490	T	490	na: cuir chevelu	cuir chevelu	93	N A	cuir chevelu	3.20	462	0.82	381	4.97
491	T	491	n: infantilisme	infantilisme	31	N	infantilisme	3.72	1542	0.47	730	49.74
492	T	492	n: fœtus	fœtus	86	N	fœtus	3.60	1176	0.65	763	13.67
493	T	493	a: latéral	latéral	118	A	latéral	3.82	5859	0.17	993	49.65
494	T	494	n: ventricule	ventricule	91	N	ventricule	3.86	4298	0.31	1335	47.23
495	T	495	n: ture	ture	68	N	ture	3.22	494	0.89	442	7.26
496	T	496	na: antécédent personnel	antécédent personnel	71	N A	Antécédents personnels	3.17	431	0.98	421	6.07
497	T	497	a: jaunâtre	jaunâtre	90	A	jaunâtre	3.31	600	0.56	337	6.67
498	T	498	a: dorsal	dorsal	113	A	dorsale	3.91	4841	0.26	1244	42.84
499	T	499	n: toux	toux	101	N	toux	3.44	808	0.59	473	8.00
500	T	500	n: battement	battement	101	N	battements	3.26	538	0.30	161	5.33
